row_idx,true_label,amh,amm,afr,knn_margin,bank_max_prob
605,Medium,0.56996197,0.0012270275,0.64461654,0.71,0.59930116
819,Medium,0.77252704,0.0032465544,0.61534244,0.24000001,0.82945526
912,Medium,0.5119344,0.0020447478,0.4589612,0.66,0.8101489
1010,Medium,0.40183783,0.0014736322,0.585255,0.73,0.6845121
1075,High,0.7245918,0.0012529119,0.7063561,0.88,0.72616684
2993,High,0.57544744,0.0002817981,0.5333301,0.59,0.8097971
3015,High,0.9613631,0.003366697,0.7253386,0.53000003,0.80279607
3758,Medium,0.6101914,0.00032784205,0.6170561,0.75,0.7995337
4130,High,0.5515892,0.0051846146,0.49382296,0.53000003,0.812491
4245,Medium,0.25828564,0.0058258697,0.52220154,0.41,0.8089019
4252,Medium,0.36277208,0.002660509,0.74848354,0.55,0.81174296
5899,Medium,0.86943084,0.0045517865,0.5760814,0.58000004,0.8289043
6331,Medium,0.14061292,0.0012956742,0.4128937,0.49,0.75585693
6640,Medium,0.3284728,0.003180462,0.4632573,0.36999997,0.8408331
6926,Medium,0.0005345535,0.9770676,0.95386875,0.37,0.82988805
7314,Medium,0.7633115,0.005584462,0.7647224,0.6,0.8459343
7951,Medium,0.9295523,0.0027954997,0.8094103,0.25999996,0.8284138
8057,Medium,0.77822196,0.00087906834,0.7065532,0.5,0.8563357
9743,Medium,0.08683884,0.0075029824,0.7535735,0.16,0.6315881
10232,Medium,0.739055,0.0034765021,0.74261796,0.54,0.83855885
10515,Medium,0.9357634,0.0024698433,0.77538437,0.5,0.85527366
10820,Medium,0.43973807,0.0038543637,0.29232767,0.65999997,0.8580367
10898,Medium,0.7548884,0.0015493223,0.6914855,0.45,0.80258554
10937,Medium,0.1756139,0.00088704686,0.528407,0.47000003,0.70302683
11270,Medium,0.59339744,0.0019620864,0.6772087,0.45,0.8654268
11342,Medium,0.8524062,0.0042690937,0.59254277,0.37,0.82677937
11679,Medium,0.5900736,0.002161713,0.5758864,0.7,0.7973942
11898,Medium,0.86684024,0.002369138,0.781174,0.71,0.55765086
12833,Medium,0.9217654,0.0032407132,0.73420686,0.77000004,0.6018261
14216,Medium,0.8562581,0.001879436,0.76573825,0.71999997,0.73440766
14570,Medium,0.92943716,0.0008314584,0.66716385,0.91,0.742597
14686,Medium,0.8918836,0.004249328,0.58726275,0.87,0.7916908
15262,Medium,0.8793173,0.002105616,0.6207048,0.72999996,0.6428229
15544,Medium,0.82776266,0.0005495224,0.78174895,0.9,0.52857727
16071,Medium,0.44889694,0.0017679705,0.60452485,0.61,0.8229862
16754,Medium,0.8714818,0.0018519845,0.66035247,0.6,0.8054909
17542,Medium,0.033918418,0.0016938483,0.2511677,0.46000004,0.708165
17578,Medium,0.09964242,0.0010108906,0.22835296,0.27999997,0.79490554
20150,High,0.00014766912,0.18877244,0.07699971,0.30999997,0.56986773
21078,Medium,0.7238299,0.0067749433,0.4403601,0.64,0.8018111
21436,Medium,0.96312577,0.0029540507,0.64293283,0.61,0.8441226
22614,Medium,0.94485575,0.0015496078,0.7722958,0.71999997,0.5697143
23104,Medium,0.8414811,0.002886512,0.6792666,0.61,0.8121677
24237,Medium,0.87842697,0.001503217,0.6854085,0.72999996,0.7292411
24633,Medium,0.1166621,0.0024905826,0.13623995,0.5,0.7660961
24909,Medium,0.566168,0.0023305048,0.49054253,0.8,0.6492787
25592,Medium,0.23717955,0.0013858626,0.56001365,0.5,0.8306721
26177,Medium,0.8674039,0.0010193426,0.71191806,0.8,0.7513457
27245,High,0.90984905,0.0038463788,0.5904071,0.82,0.65967184
28276,Medium,0.79645485,0.0008983668,0.24695991,0.71999997,0.782381
29893,High,0.90776044,0.0018666933,0.70956117,0.85,0.5760105
31617,Medium,3.4060029e-06,0.9983779,0.9922098,0.29,0.8004148
31967,Medium,0.047611553,0.0021024502,0.258043,0.35999998,0.7349273
32587,Medium,0.011913876,0.0074173347,0.035131663,0.65,0.6745179
33209,Medium,0.6519924,0.004044686,0.4688825,0.71,0.74970895
33751,Low,0.021934235,0.0034979992,0.87658846,0.060000002,0.51091105
34528,Medium,0.8328848,0.0014728268,0.5039955,0.75,0.7669352
35436,Medium,0.6627332,0.0067535434,0.7555494,0.57,0.8413065
35613,Medium,0.8318039,0.0005900833,0.52044374,0.84000003,0.61318314
36891,Medium,0.89386106,0.0010039834,0.77355903,0.64,0.8467533
36949,Medium,0.025064431,0.0039689657,0.7000734,0.43,0.7139534
38757,High,0.9616633,0.0016363194,0.7914085,0.78,0.71986735
38895,Medium,0.34314197,0.002000721,0.5047987,0.91999996,0.7878704
39387,Medium,0.3592573,0.00427984,0.692493,0.35999998,0.8039694
40044,Medium,0.0817384,0.0035807975,0.16291374,0.41999996,0.6681567
40295,Medium,0.945423,0.0037474476,0.7614656,0.54999995,0.8136124
41151,Medium,0.85719025,0.0020896809,0.76597,0.76,0.53523123
41653,Medium,0.073081516,0.00038055493,0.3387227,0.65,0.775027
42305,High,0.87944186,0.0031289302,0.5650819,0.49,0.82662827
42341,Medium,0.7718172,0.0070650764,0.46717796,0.39000002,0.84578997
42875,Medium,0.08627909,0.002166873,0.5144973,0.63,0.62516516
42924,Medium,0.86915773,0.0032078563,0.7829455,0.47,0.847904
43811,High,0.6357875,0.0048492667,0.6371884,0.71000004,0.67699444
44610,Medium,0.06917287,0.0067036157,0.7460857,0.69,0.71739167
44986,Medium,0.5683703,0.0038119329,0.8459377,0.13999999,0.84899765
45241,High,0.13767892,0.0020965142,0.53321296,0.53,0.47797918
45404,Medium,0.8567259,0.0010235616,0.49104545,0.76,0.7739877
45623,Medium,0.3042078,0.0008794956,0.30487096,0.65000004,0.8582484
45875,Medium,0.9694781,0.00577846,0.55522364,0.71999997,0.7805778
46008,Medium,0.4073384,0.003762426,0.5579019,0.65999997,0.8118939
46132,Medium,0.5348685,0.0009681674,0.5833363,0.71999997,0.6170574
46356,Medium,0.895469,0.00059995597,0.7809067,0.39,0.85112715
46880,Medium,0.41014466,0.0025605054,0.48791525,0.74,0.77346355
47734,High,0.91232693,0.0025347448,0.6363501,0.66999996,0.8247166
48895,Medium,0.63132447,0.0007290151,0.56228065,0.77,0.74202174
49301,Medium,0.6818228,0.0006758448,0.53144115,0.74,0.7685204
49362,Medium,0.0001610948,0.98660177,0.9865289,0.18,0.8079676
49513,Medium,0.5543904,0.0012110613,0.56182563,0.73,0.7364958
51016,Medium,0.80619884,0.0006168134,0.575289,0.39999998,0.8332496
51287,Medium,0.80033433,0.004188922,0.5712252,0.14000002,0.8212581
54942,High,0.3500935,0.005626006,0.5835235,0.41,0.8093939
55597,Medium,0.9228796,0.0032377387,0.56339055,0.56,0.8462971
55937,Medium,0.97974044,0.0029080731,0.902583,0.65999997,0.881783
56243,Medium,0.24025019,0.0038949486,0.43059012,0.89,0.7995116
56254,Medium,0.08252009,0.0009967316,0.06089709,0.6,0.49755388
57697,Medium,0.5275433,0.002579764,0.5187432,0.72,0.7791587
58787,Medium,0.94239473,0.0033730068,0.67500746,0.55999994,0.818069
58841,Medium,0.28904817,0.0020998039,0.51073915,0.77,0.47991657
59083,Medium,0.44606578,0.0021002786,0.56147367,0.74,0.7726045
59576,Medium,0.14265685,0.0024603584,0.47246805,0.67,0.7787185
59762,High,0.73143226,0.0015832441,0.5528156,0.74,0.5359576
60570,Medium,0.81099045,0.0009139852,0.53420424,0.71999997,0.7290454
62522,Medium,0.7488127,0.0024635415,0.5428611,0.35999998,0.80445296
63353,High,0.19960812,0.0015005649,0.4965733,0.64,0.62404454
65064,Medium,0.56907,0.0017500134,0.5216598,0.91,0.797021
65296,Medium,0.77715945,0.008211992,0.84115547,0.21999997,0.8374876
65931,Medium,0.8279437,0.0018163631,0.798804,0.5,0.8212746
66266,Medium,0.943584,0.005933887,0.816704,0.84,0.67217153
66682,Medium,0.12496943,0.00049610285,0.55799806,0.54999995,0.50835073
67792,Medium,0.18808806,0.0029210835,0.3949038,0.49,0.653244
68712,Medium,0.66141164,0.0014316685,0.6353289,0.84,0.7665995
68825,Medium,0.17019626,0.0026525522,0.3546214,0.68999994,0.7756587
69333,Medium,0.41678125,0.001249635,0.45449772,0.62,0.824651
69783,Medium,0.33904022,0.0028768212,0.63375753,0.54,0.80659145
69913,Medium,0.3410507,0.0010985438,0.48226133,0.51,0.8243135
70242,Medium,0.5492278,0.0024567659,0.6910512,0.4,0.8171854
70288,High,0.8627287,0.0026105223,0.680183,0.6,0.85246956
70676,Medium,0.92025,0.003830396,0.63007975,0.42,0.85702103
73103,Medium,0.6319061,0.0024146643,0.7980206,0.72999996,0.79596096
73720,Medium,0.9313752,0.0031621575,0.7925458,0.57,0.80882794
76237,Medium,0.3210381,0.0038329624,0.44476342,0.57,0.8206514
76483,Medium,0.70369554,0.0017292547,0.58893025,0.48000002,0.8668984
76590,High,0.76921684,0.00086417707,0.7823749,0.76,0.77745664
77085,Medium,0.37925524,0.002612471,0.67001253,0.53,0.8112821
77260,Medium,0.17543516,0.0014667084,0.65257776,0.37,0.78215283
78081,Medium,0.17499527,0.004421196,0.48747888,0.38000003,0.73238987
78475,Medium,0.584636,0.00161873,0.5634179,0.79,0.7415329
79324,High,0.3370499,0.0021420706,0.4974139,0.76,0.7913318
79722,Medium,0.7268679,0.0013809457,0.39396113,0.53999996,0.8006071
80621,Medium,0.03557785,0.0007471506,0.5114269,0.65999997,0.67689604
83673,Medium,0.32147896,0.0019329801,0.40075636,0.74,0.79292315
84886,High,0.71745986,0.0034023083,0.6485361,0.72999996,0.64629
85634,High,0.9462037,0.0023637568,0.7245239,0.76,0.6316287
87517,Medium,0.07682209,0.004107336,0.78912807,0.37,0.609092
87818,Medium,1.3244442e-05,0.9939155,0.97314936,0.51,0.88739556
88046,Medium,0.7374142,0.0007273725,0.48922575,0.73,0.5013691
89934,Medium,0.05893639,0.00219518,0.057159178,0.5,0.7340147
89971,High,0.9348132,0.0005991529,0.7438669,0.59000003,0.8014118
90052,Medium,0.79102796,0.0026074925,0.551493,0.55,0.8262042
90419,Medium,0.89559734,0.0014807682,0.7175733,0.41,0.8254084
91476,Medium,0.0030123792,0.004039451,0.58931154,0.49,0.64993095
93105,High,0.08464395,0.0031913724,0.15972862,0.34999996,0.76706594
93971,Medium,0.23803498,0.0033372939,0.55295455,0.59999996,0.8294159
94384,Medium,0.632768,0.0007349275,0.67288786,0.88,0.79094374
94724,Medium,0.7005675,0.0002674484,0.39800483,0.77000004,0.54967844
97339,High,0.98719877,0.004483493,0.80342424,0.77,0.5091453
98263,Medium,0.123224825,0.0019116593,0.54179305,0.64,0.7264173
98788,Medium,0.33156613,0.0024713662,0.49907634,0.74,0.6618581
99101,Medium,0.0016963829,0.9947271,0.99538225,0.08000001,0.8244749
100143,Medium,0.695666,0.0022343253,0.5650939,0.63,0.8306856
100199,Medium,0.036713086,0.0010375788,0.07264184,0.59000003,0.6674464
101557,Medium,0.9366671,0.004788586,0.68469435,0.54,0.87534934
101578,Medium,0.9216951,0.0056432327,0.8459816,0.71000004,0.6106434
101751,Medium,0.8097119,0.002525128,0.6642027,0.76,0.7810872
101763,Medium,0.7447521,0.002365272,0.6077678,0.76,0.5731906
103086,Medium,0.14357933,0.008058366,0.6889212,0.27,0.6011502
103849,High,0.124633715,0.004901999,0.31555438,0.52,0.75625825
104034,Medium,0.55967623,0.0007917447,0.79942423,0.57,0.81071717
104748,High,0.5429816,0.0015645579,0.53216064,0.58,0.83617043
105362,Medium,0.77190894,0.0018770787,0.62761104,0.7,0.73664373
105512,Medium,0.2141255,0.002419666,0.39942533,0.76,0.7480178
105524,Medium,0.7533236,0.003530467,0.6543227,0.73,0.6556432
107095,Medium,0.7026877,0.0019252725,0.60930896,0.48000002,0.8837355
107985,Medium,0.7100324,0.0051279236,0.5505016,0.62,0.8420344
108703,Medium,0.16491532,0.010644398,0.8338032,0.29999998,0.63043445
109022,Medium,0.77807075,0.0019248832,0.4025368,0.81,0.76183033
109771,Medium,0.86203754,0.0021884837,0.6370288,0.75,0.7748429
109974,Medium,0.56506133,0.0020949864,0.5345915,0.55,0.8077418
110224,Medium,0.76063097,0.00039271396,0.52756256,0.84000003,0.7065159
112020,High,0.12034714,0.0026564382,0.65536726,0.43,0.5394549
112171,Medium,0.010629374,0.006972843,0.3855022,0.29000002,0.740915
112344,Medium,0.71347696,0.0006216025,0.45797035,0.71,0.77215904
112355,Medium,0.81593496,0.0038820952,0.70334613,0.39999998,0.85690457
113176,Medium,0.92073333,0.0018054062,0.5908904,0.64,0.8391348
113335,Medium,0.909896,0.00452249,0.73282063,0.46000004,0.8190683
114160,Medium,0.85042316,0.0023403452,0.6706415,0.59000003,0.8665488
115016,Medium,0.59426695,0.00019373524,0.36829913,0.80999994,0.7689877
115269,Medium,0.47623023,0.0047858646,0.7105607,0.29999998,0.80171216
115344,Medium,0.019981416,0.0016119956,0.53185564,0.65000004,0.7375574
115502,Medium,0.8472279,0.0071997535,0.4941931,0.80999994,0.62702554
115985,Medium,0.1322205,0.0017270935,0.6441883,0.34999996,0.59272414
116077,Medium,0.82519144,0.005057577,0.77498025,0.38000003,0.8090002
116348,High,0.37770408,0.0007191851,0.62231636,0.84000003,0.68703866
116719,High,0.97884756,0.0016608008,0.7391699,0.71,0.50167334
116978,Medium,0.7952972,0.0008808781,0.65451413,0.73,0.7933934
117070,Medium,0.32057986,0.004060471,0.54567677,0.64,0.85288674
117096,Medium,0.119267665,0.00070834643,0.5244801,0.44,0.66227275
117191,Medium,0.06098486,0.006296943,0.06783231,0.29,0.76045525
117220,Medium,0.9932121,0.007844702,0.95090216,0.44,0.8839325
117299,Medium,0.14031433,0.0018398927,0.08447634,0.30999997,0.729437
117577,Medium,0.6023536,0.0017227655,0.6091334,0.62,0.80421805
117811,Medium,0.6608891,0.0023605388,0.63015807,0.48000002,0.8711287
119210,Medium,0.19270794,0.0012833946,0.6843643,0.39000005,0.6560314
119557,Medium,0.27053052,0.006160666,0.58829916,0.60999995,0.8083718
119956,Medium,0.1741864,0.015284026,0.63009036,0.62,0.70293033
122945,Medium,0.00015165079,0.9919401,0.98760855,0.13999999,0.8096987
123410,Medium,0.8419666,0.00493758,0.68440026,0.68,0.8034401
124259,Medium,0.10072523,0.0039983443,0.34730288,0.48000002,0.6420632
124321,High,0.11326051,0.0012576729,0.061586447,0.39000002,0.58227664
124500,Medium,0.9523291,0.0023959295,0.535087,0.74,0.47356132
125729,Medium,0.70975125,0.0016048623,0.18538775,0.35999998,0.8015903
128116,Medium,0.018420683,0.0007173602,0.6921914,0.16,0.6983701
129182,Medium,0.27170286,0.013347611,0.84712213,0.22999999,0.8009853
129330,Medium,0.83451915,0.0017036304,0.7938137,0.46000004,0.80290747
129883,Medium,0.8418769,0.003041335,0.6669517,0.43,0.80109864
130112,Medium,0.82452244,0.01907324,0.8582015,0.52,0.81193197
130831,High,0.23783214,0.00038474114,0.43607736,0.76,0.51409733
131005,Medium,0.4188267,0.0025922453,0.6435828,0.59,0.82822526
131312,Medium,0.4317368,0.004786882,0.61980385,0.42000002,0.8134148
131995,Medium,0.5973172,0.001404637,0.37698093,0.68,0.8096466
132358,Medium,0.7840483,0.0014139641,0.46864894,0.8,0.6787811
132411,Medium,0.97981936,0.002856007,0.84917915,0.71999997,0.76964253
133601,Medium,0.77898616,0.002898827,0.61186904,0.83,0.6409503
134080,Medium,0.82328355,0.0016639219,0.6665287,0.68,0.8186734
134331,Medium,0.60396427,0.0047074207,0.6668941,0.41,0.87515503
135654,Medium,0.7286885,0.0018528196,0.6604756,0.54999995,0.84409237
137557,High,0.25619245,0.00052903785,0.49381247,0.91,0.5615051
137653,Medium,8.430249e-05,0.9503324,0.8760224,0.19,0.8071192
138056,Medium,0.84809315,0.004335049,0.5957452,0.56,0.8259461
138655,Medium,0.81977254,0.002862466,0.6518737,0.83,0.7784373
138694,Medium,0.84516764,0.0041577043,0.6808915,0.58000004,0.815336
138909,High,0.00025484795,0.9660189,0.9265751,0.46999997,0.80427796
139987,High,0.05310829,0.0023061738,0.29785505,0.09000003,0.65445715
139992,Medium,0.057555206,0.005114705,0.47045806,0.47000003,0.5553822
140179,Medium,0.0020359938,0.9761338,0.9472859,0.19,0.8597534
140238,Medium,0.49778032,0.0018999008,0.49817586,0.71,0.789125
140614,Medium,0.90176076,0.0012400569,0.68277323,0.87,0.5493072
141116,Medium,1.872496e-05,0.9842226,0.96635646,0.20999998,0.8628912
141189,Medium,0.06420145,0.002737731,0.23707247,0.29999998,0.75943
142262,Medium,0.80056673,0.003424479,0.6233825,0.56000006,0.81921583
143149,Medium,0.87696105,0.005417282,0.784761,0.62,0.8434887
143358,Medium,0.0821967,0.0026899213,0.2059029,0.16,0.7234013
143418,Medium,0.6478843,0.002279157,0.6732377,0.46,0.8004142
144056,Medium,0.39034945,0.0018588896,0.56833386,0.66,0.87119615
144375,Medium,0.93679535,0.002613924,0.883484,0.43,0.8470089
144402,Medium,0.8215995,0.001047676,0.648779,0.62,0.84003437
144572,Medium,0.83274746,0.0043328963,0.7794051,0.23999998,0.8369993
144690,High,0.942634,0.002454822,0.6276919,0.71,0.5281895
145331,Medium,0.085393816,0.0014246452,0.13514987,0.39999998,0.74702597
145335,Medium,0.33707124,0.0021575945,0.59625196,0.58000004,0.8193364
146349,Medium,0.9134608,0.0027153585,0.66046274,0.55,0.8166815
146618,Medium,0.9303489,0.0018648384,0.7753462,0.82,0.7417549
147131,Medium,0.7294752,0.002432523,0.6040494,0.67,0.81910324
148585,High,0.8055054,0.0025005261,0.48107514,0.78,0.7428274
148753,Medium,0.6865743,0.0003656397,0.61398923,0.89,0.798344
148806,Medium,0.9392057,0.00080434955,0.60452896,0.84,0.6993368
148896,Medium,0.49938968,0.0028555088,0.41053787,0.76,0.63311964
149345,Medium,0.38111368,0.0022605818,0.44228822,0.71,0.75153124
150144,Medium,5.212963e-05,0.99735284,0.99382967,0.15,0.80062336
152458,Medium,0.38721332,0.00088966155,0.22464208,0.7,0.6750966
154063,Medium,0.84528583,0.008545364,0.6212793,0.7,0.7547475
155097,Medium,0.70342666,0.0019494105,0.6280319,0.77000004,0.7788088
156563,Medium,0.5470215,0.002585016,0.57103455,0.71999997,0.55825514
157009,Medium,0.95953345,0.0017566408,0.8356236,0.7,0.68590087
157024,Medium,0.9185366,0.0020471564,0.64447653,0.82,0.6051536
157400,High,0.54681164,0.0027172277,0.6609656,0.57000005,0.8280928
157801,High,0.15285257,0.0004352997,0.1004804,0.38,0.56795096
158208,High,0.013140735,0.007825224,0.49455708,0.01999998,0.6760752
158638,Medium,0.86862487,0.0051818094,0.59685636,0.57,0.8300592
158875,High,0.9530617,0.003712071,0.66966426,0.7,0.5807078
158972,Medium,0.2014496,0.00049238297,0.5671309,0.79,0.6403198
160299,High,0.6132488,0.0028705415,0.5299679,0.57,0.88821
160605,High,0.8424953,0.002318876,0.7862896,0.53,0.8316648
162984,Medium,0.18678744,0.00018599293,0.57394224,0.48000002,0.7219273
163445,Medium,0.8350831,0.002290003,0.6771686,0.58,0.8458046
164050,Medium,0.7554423,0.0010265376,0.5459005,0.4,0.8771327
164735,Medium,0.617927,0.0029793736,0.4388943,0.67,0.81875163
165332,High,0.19636708,0.013707736,0.24873258,0.20999998,0.641154
166893,Medium,0.3990663,0.0006314899,0.6095651,0.49,0.84651345
167424,Medium,0.8797226,0.00031580942,0.48140597,0.58000004,0.8131341
168470,Medium,0.3443029,0.00021522502,0.117872186,0.75,0.66187847
169505,Medium,0.018796338,0.0009884669,0.10548901,0.35,0.7537166
169625,Medium,0.3141431,0.004673673,0.4994975,0.84,0.7992599
169850,Medium,0.5180731,0.0023980069,0.65293515,0.51,0.8120283
170998,Medium,0.3479692,0.0010424361,0.50435066,0.71,0.5896287
171841,Medium,6.269244e-05,0.987182,0.9936692,0.32999998,0.84710836
174049,Medium,0.14485827,0.0019155717,0.4519769,0.43,0.5740432
174542,Medium,0.2847,0.00040011187,0.6333233,0.43,0.8082608
175829,High,0.443918,0.004124362,0.49199805,0.62,0.8430998
176410,Medium,0.015775297,0.008622971,0.39491147,0.24999997,0.73846877
176483,Medium,0.6179882,0.0034710746,0.7765753,0.29000002,0.80365264
176540,Medium,0.84545785,0.0026498782,0.8173619,0.55,0.82935584
176760,Medium,0.009078622,0.00049768673,0.11583777,0.39000002,0.6855884
176933,Medium,0.5560407,0.0024398665,0.73724,0.63,0.87251174
177125,Medium,0.0884727,0.0006828923,0.26918957,0.53,0.68189484
177293,Medium,0.27748695,0.0013528868,0.4520403,0.52,0.80361825
178738,Medium,1.0112452e-05,0.9987784,0.99550927,0.5,0.80377287
179044,Medium,0.6010976,0.0031624823,0.70632356,0.71000004,0.6127443
180067,Medium,0.98000485,0.003150894,0.8046131,0.76,0.736504
180226,Medium,1.2222001e-05,0.9821181,0.9725776,0.52,0.8122702
181375,Medium,0.61375415,0.000983232,0.22032073,0.65999997,0.85395545
182490,Medium,0.9129631,0.001086025,0.6844316,0.78999996,0.55339646
184652,Medium,0.2945066,0.0016318223,0.61121225,0.7,0.7447426
184900,Medium,0.76146954,0.0023888408,0.68526995,0.53999996,0.8022257
184957,Medium,0.9652325,0.003403473,0.7292026,0.44000003,0.8753573
185237,Medium,0.8899385,0.0013668851,0.6465904,0.87,0.7981685
186458,Medium,0.36463583,0.0077716066,0.8419553,0.42000002,0.8487981
187419,Medium,0.8019777,0.0025511673,0.62398106,0.65,0.8069763
187822,Medium,0.13084197,0.0027470968,0.7508004,0.39999998,0.78443843
188123,Medium,0.06834604,0.003757682,0.51448244,0.59,0.70958334
188343,Medium,0.9379075,0.004064494,0.7114706,0.72999996,0.60904616
188640,Medium,0.20218213,0.0019096333,0.54336643,0.69,0.8307212
189310,Medium,0.53931695,0.00059368805,0.4530449,0.71999997,0.5384264
190005,High,0.72717285,0.0016464281,0.4595137,0.81,0.5787721
191008,Medium,0.1938176,0.0025807384,0.27953768,0.61,0.77734315
191210,Medium,6.56612e-05,0.9976922,0.9958759,0.26000002,0.8022589
191310,Medium,0.030138707,0.002702253,0.35044953,0.26999998,0.7977323
191640,Medium,6.3058906e-05,0.9462444,0.87763965,0.7,0.53358954
191843,Medium,0.410716,0.0042097373,0.65890634,0.32,0.81992525
191953,Medium,0.31968907,0.0014111397,0.58648354,0.71,0.60769576
192351,Medium,0.5859613,0.0055463547,0.5042484,0.78000003,0.76220006
192481,Medium,0.66472936,0.0018359595,0.65271324,0.59,0.8304835
192589,Medium,0.3077334,0.0017742781,0.6579519,0.42999998,0.80998105
193153,Medium,0.2766667,0.0012058635,0.45616496,0.71000004,0.725368
194116,Medium,0.74395955,0.004990266,0.75647414,0.35,0.8079855
194254,Medium,0.8211773,0.0027482884,0.6049805,0.72999996,0.7860332
194894,Medium,0.3617159,0.0033237543,0.49012986,0.71,0.770272
195549,Medium,0.97844267,0.004280021,0.8426717,0.34999996,0.86980885
195880,Medium,0.90759075,0.0068873023,0.7196847,0.41000003,0.8812423
196065,Medium,0.63795286,0.004113032,0.5289868,0.59,0.8930219
196191,Medium,0.80036,0.0025326852,0.6532659,0.58,0.83809596
196334,Medium,0.9431858,0.0018102679,0.8853985,0.55,0.8041732
196809,High,0.8941571,0.0017335817,0.6041665,0.67999995,0.86214054
197401,Medium,0.00011527099,0.9960007,0.9941577,0.07999998,0.81167144
197558,Medium,0.48564368,0.0050126547,0.500186,0.65,0.8056591
198370,Medium,0.21561189,0.0076983273,0.45021087,0.81,0.7705499
199024,Medium,0.5501226,0.0021441153,0.6797349,0.68,0.81617373
199035,Medium,0.62195057,0.010005642,0.7342011,0.64,0.85282123
199048,Medium,0.93343335,0.0009731042,0.66168946,0.54,0.8130463
199456,Medium,0.30111217,0.0020801637,0.66371894,0.49,0.8106213
199730,Medium,0.6030562,0.003136693,0.66596603,0.87,0.76249677
201126,Medium,0.3496073,0.0023529138,0.5349065,0.76,0.7088069
201289,Medium,0.77875,0.0005840473,0.6343129,0.45999998,0.8026707
201376,Medium,0.45758373,0.0010366021,0.58829325,0.74,0.7793668
201435,Medium,0.9636759,0.0027425052,0.7004653,0.71999997,0.6783075
201510,Medium,4.3661566e-05,0.93280345,0.75820655,0.41,0.8342805
201609,Medium,0.7885104,0.0033560742,0.6176846,0.53000003,0.80399674
201663,High,0.19604021,0.0028781812,0.7440213,0.36,0.78720313
201969,Medium,0.31585577,0.0013115879,0.42264214,0.65999997,0.85518587
202079,Medium,0.8386306,0.004074845,0.6054854,0.76,0.7228301
202405,High,0.7689854,0.00048852025,0.54920805,0.79,0.6306736
203139,Medium,0.6740233,0.0031362653,0.63621837,0.62,0.8184473
203605,Medium,0.4706843,0.0019625262,0.70753366,0.48000002,0.84266436
204550,Medium,0.59906954,0.0082933,0.57664126,0.5,0.8618053
206433,Medium,0.16766436,0.001605842,0.37017927,0.56,0.619895
206736,High,0.9006269,0.0019859201,0.59512323,0.8,0.57429117
207019,High,0.5577998,0.0009021285,0.6204873,0.73,0.76385444
207129,Medium,0.8107714,0.0015309375,0.5573719,0.68,0.856392
207246,Medium,0.08516138,0.0018371745,0.09839523,0.52,0.66312754
207954,Medium,0.52956766,0.0025824562,0.58833814,0.74,0.706879
207964,Medium,0.038638145,0.00039905007,0.50624096,0.5,0.5510294
207989,Medium,0.17354673,0.0036120072,0.4338835,0.52,0.6295055
208805,Medium,0.40611708,0.0016351739,0.42645073,0.54,0.8426465
208851,High,0.4701469,0.003671663,0.6769547,0.66999996,0.8227684
209049,Medium,0.903164,0.0059853946,0.6843507,0.73999995,0.78884375
211331,Medium,0.00944011,0.0015800972,0.043512598,0.5,0.77743024
211545,High,0.31466582,0.0003117842,0.56636035,0.83,0.6415364
211824,Medium,0.9178049,0.00090397504,0.57807267,0.64,0.8173691
212471,High,0.4957635,0.0011997399,0.56938565,0.90999997,0.78109705
212817,Medium,0.24167785,0.009244002,0.51309973,0.31999996,0.813175
214445,Medium,0.48600727,0.006141916,0.59410155,0.56,0.80190474
214713,Medium,0.8806501,0.0043716785,0.62955344,0.83000004,0.76365817
215422,High,0.54271555,0.0008789263,0.5434594,0.78999996,0.5519122
216997,Medium,0.76933897,0.0026905905,0.87411773,0.46999997,0.83003473
218594,Medium,0.039524864,0.0001743592,0.3147346,0.48999998,0.68624306
218885,High,0.19058621,0.0044870363,0.24178171,0.110000014,0.7157378
219188,Medium,0.0014982375,0.0036569734,0.04593406,0.44000003,0.55885804
219280,Medium,0.0009439799,0.91345626,0.9378103,0.21999997,0.8289358
219380,Medium,0.60869986,0.0024712733,0.53598,0.71000004,0.76906604
220464,Medium,0.12155261,0.0025135118,0.5082898,0.54,0.72270167
220504,Medium,0.56757236,0.0011294376,0.5864361,0.85,0.78038585
220598,High,0.8458585,0.0017504958,0.47821465,0.7,0.6239868
221472,Medium,0.7132969,0.0014129861,0.5422949,0.71999997,0.7004023
221509,Medium,0.9140679,0.0030011882,0.55929995,0.7,0.75737774
222248,Medium,0.9740786,0.007637182,0.878731,0.39000002,0.8608393
222396,High,0.44328892,0.0010457684,0.5005253,0.78000003,0.64080185
222790,Medium,0.5534252,0.005406572,0.4574025,0.82,0.7920072
222835,Medium,0.7027677,0.0030136397,0.7056361,0.73999995,0.77973187
224154,High,0.9793721,0.001419762,0.70130616,0.71,0.6593189
224866,Medium,0.70378834,0.0035434698,0.17761648,0.48000002,0.83448154
224887,Medium,0.16614419,0.00075983815,0.4854186,0.56,0.75894797
225243,Medium,0.87962174,0.0030075568,0.72020453,0.71999997,0.6731054
225649,Medium,0.6922409,0.0005930524,0.5697565,0.81,0.7756755
225892,Medium,0.5701018,0.0005947024,0.4791972,0.83000004,0.6761219
226681,Medium,0.95712095,0.0030365963,0.7467288,0.69,0.8058996
226798,Medium,3.9323004e-05,0.93964034,0.887477,0.3,0.85172623
229489,Medium,0.72291785,0.0073123216,0.58772117,0.56,0.83402485
231361,Medium,0.13836622,0.0011230428,0.4232592,0.61,0.7969034
232102,Medium,0.00011509394,0.9954787,0.9911219,0.20999998,0.82908785
232229,High,0.048733428,0.0018598242,0.41999298,0.53000003,0.77426845
233484,Medium,0.8766139,0.0050086114,0.63901985,0.79999995,0.7375088
234818,Medium,0.81891394,0.00201896,0.62546617,0.29999998,0.8870929
234878,Medium,0.9105127,0.0017185654,0.6220011,0.75,0.65567386
234924,Medium,0.2370567,0.004176352,0.62501675,0.7,0.7161294
236793,Medium,0.83679026,0.0034333854,0.7185091,0.58,0.81495535
237467,Medium,0.8846988,0.0005319618,0.59284717,0.76,0.6319373
237570,Medium,0.25503495,0.0033927131,0.5569661,0.71000004,0.5925474
237802,Medium,0.67797226,0.0005558777,0.610733,0.7,0.72405887
238009,High,0.1756384,0.00078234664,0.54189163,0.39,0.47305596
238105,Medium,0.36573213,0.0027941428,0.61942637,0.22999999,0.82397217
238846,Medium,0.9512905,0.0055791102,0.6893508,0.65,0.8323948
240626,Medium,0.02656522,0.00055075885,0.16242728,0.62,0.74067634
240837,Medium,0.19961627,0.0011188805,0.65525615,0.66,0.59543574
241152,Medium,0.0364031,0.0015393413,0.080604486,0.25,0.68225855
241199,Medium,0.09939397,0.0019208338,0.54219854,0.62,0.7484274
241424,Medium,0.92782706,0.0016010047,0.6449145,0.80999994,0.5694224
244115,High,0.86633176,0.0023506887,0.63791806,0.82000005,0.76770425
245558,Medium,0.90207195,0.0011872659,0.7883738,0.7,0.7998892
247019,Medium,0.9698355,0.0015925417,0.8289212,0.47000003,0.9099712
248580,Medium,0.455827,0.0078246165,0.8781318,0.0,0.81351256
248609,Medium,0.8499313,0.004253991,0.641074,0.65999997,0.8458567
248778,Medium,0.0002999822,0.98955256,0.9825112,0.33999997,0.8873854
248848,Medium,0.9854762,0.012662618,0.88972807,0.030000001,0.8050112
248945,Medium,0.53104997,0.0017340825,0.3626766,0.64,0.8351446
248992,Medium,0.017661208,0.002078995,0.11149968,0.57,0.60097736
249431,Medium,0.6315589,0.0015440331,0.68367136,0.45999998,0.8289169
249719,Medium,3.3079978e-05,0.9709156,0.97381806,0.67,0.838373
250123,Medium,0.7689641,0.0030403896,0.55338246,0.77,0.7583556
251528,Medium,0.64394706,0.0041840933,0.65511054,0.47000003,0.84563535
251872,Medium,0.78999233,0.0018120446,0.56836504,0.55999994,0.8559964
252473,Medium,0.6061378,0.0032824136,0.6033666,0.48000002,0.80339116
252664,High,0.58774203,0.004590322,0.63117105,0.39000002,0.805592
255561,Medium,0.17731254,0.0013106363,0.3406825,0.48000002,0.74193585
256028,Medium,0.9192952,0.0031490133,0.825154,0.41,0.88070804
256523,Medium,0.003301443,0.9378537,0.91907054,0.26,0.8364032
257661,Medium,0.019463945,0.0023112723,0.6293765,0.66999996,0.51057875
257971,High,0.7794757,0.006663014,0.62554353,0.62,0.85623115
258556,Medium,0.9475561,0.0034263376,0.62548804,0.71,0.70220804
258913,High,0.1669214,0.0007677686,0.63939077,0.45000002,0.507131
259153,Medium,0.607763,0.0006737065,0.42211455,0.80999994,0.49749884
260254,Medium,0.25722116,0.0007432947,0.5603007,0.9,0.7431992
262660,Medium,0.77525383,0.0032866644,0.6873221,0.38000003,0.80195117
262795,Medium,0.028894922,0.0029104648,0.5554574,0.5,0.56378204
263254,Medium,0.85501295,0.0024811896,0.6798552,0.72,0.72887015
263450,Medium,0.74783987,0.0012055833,0.47996908,0.76,0.7764783
263535,Medium,0.111561805,0.002486655,0.5867154,0.49,0.55216116
263978,Medium,0.79549927,0.0022590861,0.46337104,0.78,0.7140008
265266,Medium,0.6557192,0.0026138097,0.6490978,0.43,0.8338653
267429,Medium,0.33623588,0.0008785646,0.6311829,0.57000005,0.8034736
269991,Medium,0.258246,0.001544794,0.63171184,0.68,0.80725974
270113,Medium,0.41543657,0.0023756847,0.475363,0.58,0.8322993
270313,Medium,0.64640963,0.0007453852,0.27661633,0.33999997,0.8527313
271868,Medium,0.9217203,0.007676837,0.7992122,0.53000003,0.82005316
272226,Medium,0.10126813,0.0010283074,0.55197775,0.41,0.50615865
273053,Medium,0.27328846,0.010512259,0.73683745,0.34999996,0.802916
273285,Medium,0.5892649,0.005159753,0.77544665,0.19,0.80000395
273307,High,0.46179938,0.0047379606,0.34531122,0.61,0.81287795
273439,High,0.3053697,0.0033740124,0.67389876,0.59999996,0.8117212
273467,Medium,0.69516355,0.0032373953,0.69511,0.52,0.8822684
273494,Medium,0.71196705,0.0031666956,0.6430924,0.73,0.7646577
275069,Medium,0.28441545,0.0045799296,0.38611537,0.68,0.8099078
275261,Medium,0.8899847,0.0057542855,0.8199223,0.77000004,0.52722245
276038,Medium,0.26514116,0.005276639,0.5141165,0.67999995,0.8066551
276088,Medium,0.022058351,0.019609043,0.55984557,0.06999996,0.5562383
276241,Medium,0.7558508,0.0029852788,0.65071577,0.64,0.8165963
276619,Medium,0.97244275,0.0015413008,0.833187,0.77,0.59473276
276723,Medium,0.4024421,0.0024611824,0.4947419,0.76,0.71421796
276942,Medium,0.97152966,0.0045286836,0.8476116,0.59000003,0.8094924
277546,Medium,0.86621,0.0012638489,0.65857565,0.66,0.8786533
280135,High,0.68400073,0.0012047476,0.57192725,0.71999997,0.6391333
280576,Medium,0.6612384,0.002173192,0.74196637,0.62,0.8127348
280856,Medium,0.09698784,0.013063601,0.8421756,0.29000002,0.58225155
281049,High,0.5997232,0.0034723205,0.5773592,0.73,0.7645926
281359,Medium,0.76248544,0.0026078308,0.65979403,0.81,0.7345191
282363,Medium,0.90858734,0.0006822122,0.5874915,0.66999996,0.80693907
282708,Medium,0.033771764,0.0018088012,0.13607827,0.22000003,0.7697738
283557,High,0.89985186,0.00060178316,0.66801393,0.7,0.51401025
283884,Medium,0.7731162,0.0032219973,0.6913958,0.58000004,0.8278523
284969,Medium,0.47076344,0.0009774114,0.3461186,0.77,0.66420406
285259,High,0.89769244,0.0031609884,0.70147306,0.89,0.62282944
285595,Medium,0.19401322,0.014739156,0.40897784,0.18999997,0.77345175
285655,Medium,0.6663401,0.003503347,0.76276,0.21999997,0.89608055
286338,Medium,0.9168983,0.010690323,0.6247562,0.46999997,0.8520004
286400,Medium,9.149809e-05,0.7743473,0.75449365,0.19999999,0.85148233
287648,Medium,0.4454965,0.0016424028,0.5923452,0.5,0.8196037
289240,Medium,0.6278051,0.0036545733,0.7229908,0.56,0.85288143
290130,High,0.26168457,0.0021726938,0.6599606,0.87,0.75660294
290643,High,0.9528795,0.007462166,0.8163279,0.050000012,0.8244287
290914,High,0.86688083,0.002747303,0.5943527,0.65999997,0.8293356
292019,Medium,0.7631227,0.0010635538,0.61000097,0.61,0.81199884
292682,Medium,0.5040828,0.002343238,0.6441663,0.5,0.8176323
293773,Medium,0.773188,0.0022862756,0.6806824,0.56,0.82886666
294883,High,0.90514094,0.00112826,0.61651444,0.71999997,0.6399308
295010,Medium,0.36333326,0.0018055367,0.77832097,0.61,0.80698794
295388,Medium,0.103458084,0.00090586813,0.11776878,0.26999998,0.62234867
295432,Medium,0.5243868,0.0019506179,0.6105528,0.74,0.79384804
297108,Medium,0.49652788,0.0026071214,0.606483,0.52,0.82875794
297656,Medium,0.87115204,0.0014968222,0.6327748,0.37999997,0.83898294
297802,Medium,0.89778197,0.0016398918,0.7561722,0.79,0.6658463
298006,Medium,0.32849497,0.0017739496,0.41835088,0.8,0.7587466
298144,Medium,0.00033841727,0.9935275,0.9945004,0.62,0.81379074
299489,Medium,0.4135609,0.0009267309,0.75585073,0.86,0.7960321
299656,Medium,0.096687175,0.008358576,0.22340854,0.47999996,0.6224461
300451,Medium,0.9246523,0.0020204661,0.7223477,0.57,0.8402727
300645,Medium,0.54879946,0.0061878385,0.65858805,0.75,0.74530214
300745,Medium,0.8466727,0.0033754203,0.6043147,0.53000003,0.8097916
304194,Medium,0.6588065,0.0031490794,0.8080921,0.48000002,0.84845275
306354,Medium,0.73587775,0.0024707457,0.52142483,0.66,0.81380314
307717,Medium,0.77475446,0.0007191528,0.5229194,0.76,0.7564717
307743,Medium,0.2948123,0.0036046803,0.6533783,0.31,0.81292754
308059,Medium,0.87179583,0.0009880334,0.6983091,0.32,0.817951
308390,Medium,0.16296314,0.0027120742,0.5515636,0.68,0.78747815
308895,Medium,0.34809676,0.0016128831,0.70002973,0.33,0.8011938
309026,Medium,0.901533,0.0037315323,0.71407664,0.3,0.8070559
310039,Medium,0.024826763,0.0003166744,0.37902674,0.59000003,0.79931265
310284,High,0.95604104,0.0045452034,0.91186607,0.06999999,0.8310024
310345,Medium,0.49932736,0.0026949777,0.73949414,0.78000003,0.54483217
312949,Medium,0.7327809,0.004118839,0.6628008,0.41,0.825758
313003,Medium,0.7584819,0.016413877,0.82634866,0.07999998,0.80444616
313124,Medium,0.629401,0.006879183,0.6797705,0.57000005,0.84463745
313183,Medium,0.62703806,0.0039662276,0.68891376,0.46000004,0.81464005
314028,Medium,0.7411411,0.0009264651,0.5948928,0.44,0.8182254
314061,Medium,0.78700984,0.002739583,0.39527866,0.74,0.79831696
314065,Medium,0.23914959,0.0044602314,0.69557005,0.45999998,0.8284375
314634,Medium,0.7721522,0.0030935926,0.7116179,0.81,0.7895872
314782,Medium,0.5068303,0.0052580256,0.6191054,0.69,0.81742275
314831,High,0.8112028,0.004905974,0.69131154,0.65,0.8319667
314869,Medium,0.77422345,0.0052800765,0.62334055,0.8,0.7416615
315020,Medium,0.03850541,0.00089594553,0.41685772,0.39,0.79054123
315864,Medium,0.85460293,0.0012878218,0.69349754,0.38000003,0.8417985
316982,Medium,0.7777942,0.0039637573,0.69228727,0.53999996,0.8570356
317114,Medium,0.7583298,0.0013256131,0.66852266,0.83000004,0.74732727
318256,Medium,0.65673095,0.0077245627,0.62958515,0.38,0.8065236
319996,Medium,0.091979936,0.0016674774,0.4204722,0.57,0.69316894
320366,Medium,0.6881977,0.0033087928,0.3614708,0.56,0.8320963
320688,Medium,0.40439364,0.00026411493,0.52324754,0.71000004,0.5725902
322228,Medium,0.14522737,0.00199751,0.549283,0.53,0.7383197
322352,Medium,0.069009356,0.0014653256,0.4865503,0.33999997,0.64426446
322603,Medium,0.682528,0.0028808836,0.5573312,0.33999997,0.8156424
322652,High,0.07589528,0.01336862,0.76224697,0.45999998,0.7720912
323692,High,0.001895377,0.0035188508,0.72546726,0.21999997,0.7012648
323933,Medium,0.39094228,0.014303875,0.6495125,0.37000003,0.8573619
323944,High,0.5097587,0.00039100513,0.58231926,0.7,0.5128353
323997,Medium,0.86206543,0.0031826894,0.6126594,0.7,0.74127305
325688,Medium,4.7070826e-06,0.99287343,0.9921582,0.37,0.8406872
326465,Medium,0.59887433,0.0015654557,0.6225512,0.57,0.8270969
326475,Medium,0.34703627,0.0013919174,0.24125078,0.63,0.85261506
326588,Medium,0.5297138,0.0018360348,0.24324429,0.63,0.8113468
326999,Medium,0.8323297,0.0027310215,0.6482961,0.68,0.8290385
328025,Medium,0.37564114,0.00426972,0.23886047,0.29,0.867524
328202,Medium,0.9050707,0.0027924997,0.6785307,0.43999997,0.8880474
328829,Medium,0.59875065,0.00329436,0.5275122,0.71,0.58406144
330101,High,0.82133484,0.0014702989,0.6516227,0.82,0.52299535
330715,High,0.6637977,0.0063139964,0.65333474,0.64,0.82426965
330811,Medium,0.4055095,0.0014207704,0.42696518,0.81,0.7327116
330863,Medium,0.6486395,0.0062336395,0.5147164,0.31,0.8109921
331151,Medium,0.39231992,0.021441802,0.87110454,0.41,0.8050392
331681,Medium,0.78862625,0.0015947411,0.7200012,0.7,0.6766152
332491,Medium,3.8747472e-05,0.9942999,0.98942554,0.76,0.7254991
333128,Medium,1.08001805e-05,0.7942369,0.5171868,0.74,0.5260481
333707,Medium,0.74694437,0.0042285244,0.5393411,0.69,0.8034398
334287,Medium,0.9792342,0.0054146214,0.7051936,0.48,0.81087065
335548,High,0.8031872,0.0013162456,0.6702624,0.83,0.5923864
337247,Medium,0.9707089,0.0021028474,0.8679818,0.83,0.5906996
339124,Medium,0.77416044,0.0016992561,0.5885301,0.42000002,0.81253636
339203,Medium,0.6654141,0.004191968,0.551429,0.59999996,0.8207563
339221,Medium,0.15445422,0.0044388683,0.87220913,0.37,0.6654635
340200,Medium,0.32505628,0.0004975657,0.4012367,0.78000003,0.7211497
341213,Medium,0.7923191,0.0012546859,0.44439584,0.86,0.6987971
341370,Medium,0.8815689,0.0015257319,0.73442435,0.34999996,0.8167996
341752,High,0.31254134,0.005650655,0.4240723,0.89,0.7895258
343031,Medium,0.90784585,0.0011519963,0.584893,0.71,0.7349755
343787,Medium,0.18504712,0.0020220387,0.32909122,0.65999997,0.7745522
344926,Medium,0.087427355,0.04977054,0.33704323,0.29,0.71834284
344955,Medium,0.47416958,0.00199342,0.611884,0.74,0.7736115
345237,Medium,0.87989163,0.0045606294,0.5362111,0.73999995,0.7907803
345617,High,0.9853103,0.00055743626,0.6922291,0.77,0.48720026
346525,Medium,0.49515513,0.0009052606,0.34746566,0.13,0.81214607
346752,Medium,0.96901333,0.0032699318,0.6847919,0.65000004,0.856798
347017,Medium,0.04346486,0.00084774266,0.48823148,0.39999998,0.78764236
347642,Medium,0.8677726,0.0010143371,0.6883287,0.74,0.583063
349276,Medium,0.19016421,0.0012572333,0.5579431,0.53000003,0.6997417
349877,Medium,0.5613588,0.00096858025,0.50016963,0.75,0.73782593
349900,Medium,0.89620155,0.0026284782,0.66703767,0.84,0.7175656
350514,Medium,0.7577294,0.0025646249,0.7903495,0.41000003,0.8271834
351627,High,0.017493626,0.0040324666,0.23601368,0.66999996,0.6483723
353561,Medium,0.17244226,0.0012430904,0.63964266,0.33999997,0.75732315
353884,Medium,0.21279588,0.0025362414,0.4863753,0.56,0.81028265
354286,Medium,0.490313,0.0015073969,0.5509724,0.71999997,0.78263074
354791,Medium,0.48184004,0.0023839206,0.39792177,0.8,0.790616
354809,High,0.31246325,0.0009508664,0.5025479,0.9,0.5017353
355704,Medium,0.32937735,0.00204763,0.49454775,0.82,0.7894128
356475,Medium,0.050866503,0.011172035,0.26619,0.09000003,0.65262294
356497,Medium,4.6972942e-05,0.9566875,0.8974436,0.5,0.874054
356986,Medium,0.97820663,0.008143899,0.88600814,0.07000002,0.810473
357164,Medium,0.013686459,0.0004884497,0.06347175,0.22000003,0.7264332
359057,Medium,0.28044552,0.00083494105,0.5544183,0.9,0.56877166
359457,High,0.32068515,0.0016508554,0.48156443,0.98,0.674006
359544,Medium,0.081498176,0.004408937,0.3059055,0.00999999,0.7426361
360756,Medium,0.74704576,0.0014889976,0.6262621,0.7,0.5996736
361894,Medium,0.31744865,0.0038594531,0.6906785,0.78,0.7373861
361917,Medium,0.0582273,0.00032311102,0.14750282,0.41,0.71089786
363542,Medium,0.96524006,0.0087946085,0.80298644,0.54999995,0.8022476
363580,Medium,0.81618845,0.0017233265,0.65244865,0.74,0.77935416
363670,High,0.10690536,0.0008289045,0.12767065,0.22999999,0.59770423
364110,Medium,0.02625493,0.0009173712,0.5994234,0.66999996,0.50889486
366030,Medium,0.7324537,0.0010011867,0.5043947,0.78000003,0.5742538
366197,Medium,0.38679442,0.003196648,0.6353988,0.57,0.83613694
366407,Medium,0.37984574,0.0075233914,0.6266372,0.65,0.8310768
366451,Medium,0.48988107,0.0007053316,0.6604732,0.79,0.6906302
367075,Medium,0.92444205,0.0028289426,0.74940515,0.69,0.85273
368476,Medium,0.7443849,0.00330745,0.7069925,0.46000004,0.83697015
368560,Medium,0.7050536,0.004241704,0.7245952,0.44,0.82082033
368881,High,0.68167573,0.0007884924,0.49032295,0.86,0.5934791
372646,High,0.8886294,0.002978198,0.63269806,0.51,0.85251826
372931,Medium,0.7336438,0.008716545,0.81198,0.33999997,0.8075537
374079,Medium,0.7166375,0.0013776682,0.8501713,0.099999994,0.800344
374559,Medium,0.6499834,0.0016193605,0.8070675,0.56,0.80534494
375340,Medium,0.7712587,0.0037334706,0.68584734,0.57000005,0.84687465
375731,Medium,0.89876646,0.032048747,0.9419758,0.32000002,0.8291685
375985,Medium,0.7527004,0.0035191635,0.6215295,0.83,0.7547551
378211,Medium,0.16047932,0.0074530067,0.52626777,0.22999999,0.7819995
379710,Medium,0.8987511,0.002754126,0.7417535,0.84,0.6367138
380498,Medium,0.70425737,0.0029624824,0.7714127,0.38,0.880727
380949,Medium,0.74337435,0.0031707396,0.5909539,0.51,0.8899853
382240,Medium,0.2545414,0.00075691025,0.5719527,0.58000004,0.8287442
382555,Medium,0.67945075,0.0039445036,0.6703381,0.66,0.8258981
382938,Medium,0.16490345,0.0020569877,0.48168942,0.67999995,0.7697478
383401,High,0.16754775,0.041143388,0.73862976,0.37,0.49957252
383711,Medium,0.00065327616,0.9971921,0.9960741,0.16999999,0.88307226
384414,Medium,0.8062179,0.0019650364,0.5709078,0.41,0.81466484
384654,Medium,0.4894336,0.0005105075,0.25513646,0.76,0.78646696
385213,Medium,0.00020891854,0.90004146,0.8659142,0.29999998,0.87112135
385300,Medium,0.12950805,0.015004675,0.7548429,0.03999999,0.69728905
385953,Medium,0.67470515,0.0055724164,0.60033655,0.75,0.7442363
386117,High,0.84962696,0.0009058007,0.5581904,0.76,0.5483478
387009,Medium,0.7753231,0.0015077974,0.68731666,0.5,0.8135534
388327,Medium,0.014292866,0.02293896,0.7886925,0.52,0.61642534
389357,Medium,0.4577659,0.002046058,0.57823664,0.62,0.8383565
389843,Medium,0.8558318,0.0047446573,0.5108075,0.71999997,0.7286867
390198,Medium,0.37895447,0.0049780495,0.4190572,0.49,0.85277814
391885,Medium,0.89038867,0.003773436,0.66985095,0.53,0.8403724
392649,Medium,0.9533222,0.0040857177,0.65079206,0.51000005,0.87793833
392760,Medium,0.07945799,0.0004912213,0.68305814,0.37,0.7787482
393538,Medium,0.842573,0.0056108185,0.5886638,0.57,0.84551144
394975,Medium,0.21852003,0.0012065105,0.3608495,0.76,0.61122435
395697,Medium,0.3257249,0.0069603072,0.66509557,0.59000003,0.8016922
396345,Medium,0.06272334,0.0044169165,0.152024,0.63,0.76547945
396967,Medium,0.23011315,0.002393454,0.38875884,0.77,0.5047106
397567,Medium,0.80002594,0.0021491211,0.6180874,0.78,0.781329
398426,Medium,0.8203632,0.0046343263,0.7189291,0.21000004,0.8708083
399357,Medium,0.2570495,0.0047486625,0.619451,0.68,0.80855095
399935,Medium,0.0002587874,0.9949911,0.9877307,0.58,0.80146617
399960,Medium,0.48462087,0.0017211795,0.511908,0.7,0.7903093
401432,Medium,0.78281766,0.0009664789,0.68754685,0.86,0.731721
404900,Medium,0.9857836,0.004847295,0.8537015,0.66,0.84547144
405174,Medium,0.90130407,0.0034938445,0.8478302,0.39000002,0.81708205
406062,Medium,0.86253107,0.0020087261,0.5959355,0.69,0.8024026
406123,Medium,0.9930206,0.009319253,0.88087064,0.27,0.86073244
406388,Medium,0.78250015,0.0028095986,0.6668691,0.65999997,0.85126466
407883,Medium,0.5577633,0.0037773617,0.65782446,0.58,0.81830555
408132,Medium,0.07301672,0.00027559005,0.29803154,0.64,0.76013833
408283,High,0.06455986,0.024485782,0.834008,0.35000002,0.7295128
409218,High,0.377592,0.0034687351,0.48665243,0.47000003,0.8506673
410045,Medium,0.762528,0.0018956249,0.49968532,0.52000004,0.8321312
410478,Medium,0.10959729,0.0023400614,0.5226656,0.42000002,0.76299137
411158,Medium,0.17425211,0.002756351,0.8118153,0.059999973,0.7647216
411295,Medium,0.00015621605,0.9981686,0.99820757,0.27999997,0.8803725
411489,Medium,0.6341721,0.003823779,0.62291425,0.7,0.5540186
411537,Medium,0.9244329,0.01998735,0.91369337,0.01000002,0.83002156
411879,Medium,0.9239711,0.0048893085,0.7920401,0.59,0.8632147
412069,High,0.039041877,0.001061626,0.17571004,0.33999997,0.5620754
413316,Medium,0.881261,0.0017960619,0.70721585,0.87,0.74678975
413419,High,0.10581214,0.00042568977,0.33619055,0.57,0.6420184
413930,Medium,0.16676348,0.012255138,0.4718275,0.27,0.7586779
414829,Medium,0.21055076,0.0012887107,0.26225954,0.57,0.80087364
414947,High,0.8286436,0.00064917863,0.54034525,0.90999997,0.76649404
415446,High,0.9719911,0.0010776566,0.6543121,0.67,0.82376117
415758,Medium,0.46045738,0.0034741703,0.5063422,0.52000004,0.80301666
416946,Medium,0.91531664,0.0024329615,0.6611642,0.61,0.820289
418206,Medium,0.4878996,0.0008924986,0.40065622,0.65999997,0.8155342
418210,High,0.95938396,0.003215318,0.7702735,0.71,0.5197197
419288,Medium,0.8039569,0.0005273779,0.28453946,0.67,0.8068943
419809,Medium,0.92984563,0.0030991326,0.8058498,0.71999997,0.746953
421213,Medium,0.62199754,0.0013060321,0.57099736,0.68999994,0.8126942
421333,Medium,0.73631895,0.0022228274,0.61186105,0.40000004,0.86555356
422005,Medium,0.612108,0.0035414416,0.36939496,0.57,0.87023693
422037,Medium,0.9065608,0.002041217,0.86058956,0.35,0.8882319
422582,Medium,0.107576266,0.0014845146,0.5334386,0.57000005,0.71448815
424157,High,0.803168,0.0028489218,0.6204742,0.36,0.8411072
424689,High,0.09927578,0.0017938773,0.63850456,0.65,0.76693696
424929,Medium,0.9640456,0.002558672,0.87086934,0.76,0.74027973
426017,Medium,0.85266817,0.0004068067,0.38101044,0.91999996,0.6109823
426138,High,0.1962189,0.0005529992,0.2162837,0.49,0.6423665
426232,Medium,0.8626848,0.0029741502,0.7006465,0.35999998,0.8665875
429338,Medium,0.6751957,0.0022514702,0.40769663,0.77,0.66100514
429422,Medium,0.1479631,0.0065937904,0.16432793,0.54,0.795478
429993,Medium,0.0155850295,0.0029595231,0.027342545,0.38000003,0.79894716
431455,Medium,0.56306773,0.0032375464,0.8315841,0.68,0.8002597
432420,Medium,0.84866095,0.0014619275,0.59816,0.55,0.83295834
432476,High,0.022829214,0.0016162844,0.09037832,0.14000002,0.73983854
433337,High,0.095097385,0.0026750062,0.64226,0.42000002,0.6785227
434287,Medium,0.4866072,0.0029339765,0.7189882,0.56,0.8183914
435904,Medium,0.044407092,0.0009877661,0.43423745,0.56,0.7344631
435933,Medium,0.83884865,0.0055448925,0.704145,0.62,0.80788565
436300,High,0.91414285,0.000558988,0.6460396,0.74,0.7043065
436684,Medium,6.315363e-05,0.99654144,0.99824774,0.09,0.8434444
436779,Medium,0.13002922,0.0037253364,0.52500665,0.62,0.7336763
437082,High,0.7202628,0.0020697196,0.56506765,0.86,0.6959023
437239,Medium,0.4132727,0.002392984,0.4869383,0.78,0.71059746
438850,Medium,0.6878664,0.0037683481,0.6044705,0.42000002,0.81018203
439754,Medium,0.049987387,0.002141117,0.4595742,0.32999998,0.75331545
440741,Medium,0.9619745,0.0034026448,0.80749726,0.74,0.77761215
440755,Medium,0.97236776,0.0021733472,0.8499462,0.65999997,0.8142674
441035,High,0.61317587,0.0004584416,0.2858314,0.56000006,0.8280674
442110,Medium,0.45700666,0.0017154285,0.67537993,0.78000003,0.67864764
442310,Medium,0.64625555,0.0013289732,0.63280314,0.72999996,0.6991405
442726,Medium,0.6290797,0.0015644239,0.63046366,0.71999997,0.73451775
444369,Medium,0.7728386,0.0023201595,0.51921207,0.71999997,0.7847989
444423,Medium,0.3087309,0.0006274981,0.062139206,0.40999997,0.8599487
445580,Medium,0.9077397,0.0006483448,0.6495188,0.75,0.7936083
445648,Medium,0.45017377,0.0026345893,0.52852994,0.54,0.82960904
446731,Medium,0.69641674,0.004830602,0.731897,0.58,0.8089412
447026,High,0.01030211,0.00012875408,0.19879703,0.63,0.6392175
447033,Medium,0.0046355077,0.00025254185,0.02237281,0.58000004,0.47814673
448004,Medium,0.94536954,0.002111171,0.84163785,0.77000004,0.6838028
448481,Medium,0.86798364,0.0037919185,0.6053961,0.55999994,0.8137216
448562,Medium,0.17688844,0.00094357517,0.44429642,0.64,0.7421452
449105,Medium,0.00010245987,0.29015508,0.34949493,0.41000003,0.52511847
449454,Medium,0.0005538904,0.5346628,0.4430224,0.00999999,0.80701977
450165,High,0.27231538,0.0060338997,0.6691743,0.79,0.6378042
450722,Medium,0.38132617,0.0012574106,0.3356959,0.58000004,0.86591
451339,Medium,0.027396481,0.0010073248,0.027029904,0.32999998,0.76275045
451484,Medium,0.8649988,0.003286508,0.71756834,0.85,0.6971025
451617,Medium,0.33086583,0.0020811716,0.60798585,0.29000002,0.8534047
451669,Medium,0.82025224,0.0011114347,0.57286054,0.76,0.7095817
451751,Medium,0.72912794,0.0009500468,0.334015,0.63,0.86900693
451753,Medium,0.85893834,0.0008000981,0.59441954,0.78999996,0.77841365
451762,Medium,0.9650171,0.006078977,0.9137421,0.0,0.8016345
452007,Medium,0.85425943,0.0007597155,0.59321815,0.65999997,0.8147453
452082,Medium,0.8074613,0.0058298092,0.6693476,0.55,0.8185362
452142,Medium,0.56116676,0.0036693697,0.70748067,0.39,0.82953
453950,Medium,0.7595649,0.0012243692,0.7547577,0.72999996,0.5114234
454373,Medium,0.047762364,0.00071454025,0.09363763,0.28,0.64552414
454584,Medium,3.4577922e-06,0.93756557,0.84500635,0.78,0.70708066
454916,Medium,0.22289483,0.0024123692,0.42900845,0.79999995,0.55168706
455346,Medium,0.7519161,0.0027310539,0.75524926,0.77,0.76042897
456738,Medium,0.8783432,0.004198103,0.7490798,0.28999996,0.82787156
456769,Medium,0.19856857,0.0036548907,0.8005138,0.5,0.72460717
457030,High,0.13748212,0.0024398156,0.2590003,0.51,0.78960246
457758,Medium,0.724798,0.00092454633,0.71694636,0.27,0.8526661
458182,Medium,0.5581343,0.0031935484,0.6529496,0.45000002,0.8056508
459162,Medium,0.5095756,0.0012484911,0.17873634,0.35999998,0.80494297
459237,Medium,0.95695627,0.0036448662,0.88585246,0.68,0.87229717
461817,High,0.91911507,0.000849986,0.69851613,0.84999996,0.4934807
461892,Medium,0.35912123,0.0052891206,0.65439904,0.31,0.8264294
462687,Medium,0.73058975,0.001289491,0.5625001,0.54,0.82994026
463948,Medium,0.8034601,0.002689049,0.7194398,0.62,0.8214982
465221,Medium,0.7216495,0.0014905944,0.5932325,0.81,0.74634457
465596,Medium,0.5863391,0.0015372101,0.6951385,0.52,0.83390796
465836,Medium,0.9620198,0.0027418674,0.66730934,0.76,0.6513857
466571,High,0.49594817,0.0010413805,0.5201851,0.74,0.7726208
466761,Medium,0.86375207,0.00379823,0.62375003,0.43,0.8382393
467060,Medium,0.8250225,0.0009052158,0.47811604,0.83000004,0.6951155
467620,Medium,0.70323163,0.0031225604,0.5543212,0.84,0.7406866
467753,Medium,0.49292064,0.0064794603,0.52697736,0.48000002,0.800525
468793,Medium,0.9144767,0.0027408819,0.59791195,0.52000004,0.8486099
469802,Medium,0.24658793,0.0050140913,0.49846455,0.52,0.8273833
469909,Medium,0.9053746,0.003174991,0.66995186,0.73999995,0.608257
469932,Medium,0.59110504,0.008748241,0.45256805,0.30999997,0.8207375
470500,Medium,0.8967842,0.0013146921,0.6835337,0.71999997,0.7463021
470741,Medium,0.8755629,0.0017623754,0.7641442,0.55,0.8966909
471059,Medium,0.6328406,0.00077564525,0.6351039,0.55,0.8205826
471203,Medium,0.13819888,0.00022853087,0.15272221,0.39999998,0.6748298
471337,Medium,0.12816164,0.006209532,0.36925733,0.58000004,0.7312775
471664,Medium,0.9165229,0.004856696,0.8927016,0.55,0.86454093
471830,Medium,0.6276551,0.005533343,0.5842936,0.87,0.71828794
471929,Medium,0.20885189,0.0006720248,0.47452912,0.54,0.8036167
472597,Medium,0.051950883,0.0035246941,0.41810554,0.59000003,0.7704951
472738,Medium,0.6823274,0.02236315,0.842558,0.059999973,0.8386577
473203,Medium,0.100410394,0.0011020609,0.7599701,0.53999996,0.77971965
473985,Medium,0.93390924,0.0032253498,0.7264559,0.72,0.64063233
474148,Medium,0.7263101,0.002025203,0.536641,0.59000003,0.8298842
474356,Medium,0.6298279,0.0017988374,0.5533447,0.43,0.81727207
474589,Medium,3.3090262e-05,0.9519195,0.9182384,0.34000003,0.8717964
474727,Medium,0.027220827,0.0012834362,0.082913384,0.26000002,0.7136103
474907,Medium,0.54038674,0.0006570886,0.5424446,0.49,0.82590157
475052,Medium,0.14689696,0.0032679602,0.49200982,0.58000004,0.5545245
475154,Medium,0.558852,0.0027993026,0.59810275,0.78000003,0.5109165
475224,Medium,0.030706393,0.003641261,0.18153168,0.18,0.674849
475561,High,4.472586e-06,0.99366766,0.9876984,0.71999997,0.6441997
476373,Medium,0.13977656,0.010690892,0.78917825,0.32999998,0.7046556
477601,Medium,0.36029088,0.00032694096,0.37113833,0.64,0.83086324
477990,Medium,0.90806633,0.0009949688,0.6110713,0.79,0.5389751
478409,High,0.32669663,0.0022291988,0.58304185,0.52,0.8295883
478543,Medium,0.6103994,0.034745604,0.9102843,0.41,0.84326744
478571,Medium,0.91697496,0.0013254831,0.6907646,0.53000003,0.83386093
478887,Medium,0.65513223,0.003653174,0.6220564,0.59000003,0.80624366
479856,High,0.91774774,0.000679216,0.6896444,0.72999996,0.7312804
480177,Medium,0.048504137,0.006118743,0.7325057,0.35000002,0.64849263
481422,High,0.65095353,0.0020333845,0.41068825,0.83,0.7784037
482137,Medium,0.77068484,0.0026446923,0.81733614,0.55999994,0.82143235
482513,Medium,3.6217803e-05,0.9456007,0.90643203,0.39000002,0.83491987
482595,Medium,0.45097113,0.0012358733,0.64655226,0.7,0.5207113
483401,Medium,0.44788125,0.0046797986,0.56788117,0.71,0.58815897
483654,Medium,0.9498971,0.0017470988,0.7869666,0.82,0.75092065
484035,Medium,0.7302485,0.0014820321,0.75690085,0.75,0.6412839
484625,Medium,0.6051811,0.0017143984,0.65452445,0.72999996,0.74479574
485287,Medium,0.16654347,0.006885991,0.3844822,0.45000002,0.74999803
485429,Medium,0.2261616,0.0037095572,0.6449323,0.48000002,0.8350828
485539,Medium,0.00017473733,0.99696666,0.99764854,0.6,0.8026799
485796,Medium,0.83062965,0.002762267,0.53408813,0.72999996,0.7856989
487858,Medium,0.5661095,0.0029392387,0.58589983,0.72999996,0.660717
487942,Medium,0.36056608,0.00045815934,0.59970677,0.7,0.7128401
488167,Medium,0.7174431,0.0015988187,0.6024868,0.63,0.84675777
489652,Medium,0.24921992,0.0011524047,0.7247904,0.6,0.8550334
490163,Medium,0.8354517,0.0025428724,0.8250449,0.59999996,0.8723708
490467,Medium,0.03188908,0.0058939457,0.41250452,0.41,0.7600205
490624,Medium,0.062241968,0.001790963,0.2411106,0.28999996,0.69661325
494765,Medium,0.60953826,0.0048269583,0.5606606,0.62,0.80553925
494859,High,0.42963493,0.003635669,0.43379048,0.8,0.61881226
495502,Medium,0.38725707,0.0016242989,0.6226916,0.64,0.85087943
496387,Medium,0.3694081,0.00042981282,0.5072186,0.76,0.4871448
498408,High,0.8952293,0.0009096946,0.5608252,0.71,0.6802146
500636,Medium,0.9340658,0.0015239242,0.6861972,0.72999996,0.6001104
500837,Medium,0.86085427,0.003552099,0.77032024,0.37999997,0.8026231
503050,Medium,0.85437846,0.003913483,0.74795955,0.47000003,0.8111349
503764,Medium,0.00012477764,0.94228,0.93267316,0.65000004,0.8721391
504313,High,0.04997112,0.0013428638,0.24467191,0.059999973,0.7808227
504912,Medium,0.98384756,0.003022491,0.9326574,0.32,0.866012
505351,Medium,0.62487924,0.0021843226,0.7456901,0.64,0.8012692
506534,Medium,0.5490153,0.0009534718,0.70663464,0.87,0.6587782
506826,Medium,0.77381873,0.0010972411,0.6710707,0.45999998,0.80605334
506971,Medium,0.53747094,0.0036213,0.7137378,0.36,0.8280773
507451,Medium,0.15533373,0.0016391963,0.58964306,0.26,0.76760155
507675,Medium,0.4912717,0.0029759647,0.3910506,0.58,0.8031847
507846,High,0.95594615,0.002641659,0.86030245,0.86,0.6123073
508858,Medium,0.8509304,0.0035251079,0.4772703,0.7,0.59747106
510077,Medium,0.7470443,0.003578381,0.6571475,0.54,0.82135874
510219,Medium,0.6986239,0.0042373883,0.70893395,0.32,0.80295455
510681,Medium,0.39036942,0.0014986078,0.6000378,0.78,0.74084973
511705,High,0.45773524,0.0034654401,0.48340878,0.7,0.7667907
512309,Medium,0.75357735,0.0051711104,0.8254344,0.51,0.86339265
512375,High,0.053155597,0.0022863485,0.52974856,0.58,0.66614634
513383,Medium,0.089071535,0.001075025,0.5983557,0.53999996,0.629454
513445,Medium,0.82016367,0.0018164365,0.6196432,0.61,0.89676934
514088,High,0.6678171,0.0021423418,0.67641616,0.78999996,0.63755697
516193,Medium,0.95677835,0.0024143115,0.75043887,0.53999996,0.8390114
516898,Medium,0.1298643,0.000373419,0.61446494,0.47000003,0.66843206
518143,High,0.8261295,0.0014920705,0.65402913,0.66,0.81886375
518909,High,0.9837135,0.01499079,0.9142669,0.07999998,0.8063325
518956,Medium,0.050828908,0.0008411249,0.58177984,0.68,0.60127074
519415,High,0.6978572,0.0026952713,0.6549514,0.65999997,0.8535981
520906,Medium,0.0691653,0.0024018188,0.5028268,0.46999997,0.7558058
521281,Medium,0.86387634,0.004304891,0.7321008,0.67,0.86142457
522096,Medium,0.35468253,0.002955232,0.6536232,0.59000003,0.81579083
522593,Medium,0.8882521,0.0020284518,0.5399185,0.62,0.8045357
522876,Medium,0.0055905534,0.0027430383,0.34310773,0.55999994,0.769687
523226,Medium,0.020753983,0.000880126,0.47355562,0.55,0.79801965
523292,High,0.14186731,0.0008480775,0.34331787,0.38000003,0.6057252
524043,Medium,0.01267454,0.0022929704,0.1426673,0.62,0.73598427
524493,Medium,0.9548069,0.0010553463,0.6506987,0.61,0.85489243
525171,Medium,0.6820082,0.006132077,0.6673198,0.48999998,0.8587041
526366,Medium,0.68193245,0.017575253,0.8085562,0.01999998,0.8693529
526953,Medium,0.71390915,0.0037689516,0.5511444,0.63,0.8447611
527228,Medium,0.62842625,0.004564404,0.5891165,0.71000004,0.6965907
527389,High,0.19023716,0.0031221611,0.47857478,0.5,0.70549786
527428,Medium,0.8044168,0.0023742781,0.8538918,0.53000003,0.8293992
527485,High,0.965085,0.0014282478,0.7997512,0.77,0.7593264
527535,Medium,0.70470285,0.00671117,0.5440676,0.51,0.8207374
528787,Medium,0.15309708,0.0007496189,0.23996338,0.53999996,0.77485555
529179,Medium,0.20110293,0.001495105,0.43118742,0.76,0.7687928
529384,High,0.9131215,0.0036176303,0.74296147,0.42999998,0.8112139
530072,Medium,0.7289903,0.00095209514,0.50381196,0.87,0.70161843
530150,Medium,0.7595838,0.0024531574,0.64500695,0.71999997,0.570953
533118,Medium,0.06823523,0.0014994808,0.41598353,0.63,0.54440653
533758,Medium,0.36607888,0.0013021606,0.65800065,0.92,0.7848478
533975,Medium,0.58360904,0.0035215756,0.27431574,0.39,0.8034322
534499,Medium,0.38516822,0.0033634412,0.6646473,0.68,0.8343534
535491,Medium,0.91888857,0.002971274,0.7186077,0.87,0.5582385
535589,High,0.000515672,0.98332596,0.9942486,0.25,0.8181806
535820,Medium,2.4452109e-05,0.9683017,0.85463303,0.35000002,0.80539966
536485,High,0.03375154,0.00041104716,0.36017233,0.64,0.6737951
537984,Medium,0.2772402,0.002710772,0.361349,0.86,0.78773797
538296,Medium,0.20409964,0.00080082007,0.49473152,0.79999995,0.7558233
538377,Medium,0.1880368,0.0023632948,0.3373808,0.4,0.494287
538679,Medium,0.89377505,0.0071003605,0.71187294,0.64,0.829022
540502,Medium,0.7816351,0.02028995,0.9250393,0.08000001,0.8015591
540671,High,0.7725089,0.005149847,0.7507085,0.099999994,0.8143074
541549,Medium,0.42472446,0.0012546924,0.116291255,0.54,0.8072686
542532,Medium,0.3577193,0.0026609164,0.53622437,0.8,0.753564
545568,Medium,0.9137086,0.001122824,0.6979984,0.77000004,0.7069647
545883,Medium,0.085688315,0.0031709701,0.11828103,0.31000003,0.7465874
546143,Medium,0.21402873,0.00075565436,0.5568658,0.7,0.6587372
547096,Medium,0.009087833,0.0015001605,0.08882317,0.29999998,0.6868445
548824,Medium,0.7000625,0.0024447017,0.53896856,0.72999996,0.77095413
550104,Medium,0.93892914,0.002734114,0.684401,0.46999997,0.8153253
551696,Medium,0.07090133,0.0014227051,0.10698324,0.45999998,0.68853176
551929,Medium,5.9138005e-05,0.9390832,0.9471735,0.32,0.84531003
552465,Medium,0.6939802,0.0009983724,0.5592035,0.49,0.8594036
552532,Medium,0.7860095,0.0027958427,0.4796944,0.69,0.82005316
553149,Medium,0.86673206,0.0034231187,0.66789347,0.6,0.8027777
553903,Medium,0.9786568,0.0027869772,0.86365193,0.77,0.70912355
554295,Medium,0.95254993,0.0009928605,0.90051055,0.23000002,0.8067067
556148,Medium,0.59603125,0.005120806,0.7015448,0.62,0.83044523
556959,Medium,0.8093739,0.002351477,0.5396677,0.7,0.79451185
557536,Medium,0.2155005,0.0022296198,0.5217752,0.27,0.8078772
558990,Medium,0.60615575,0.0015508566,0.5883893,0.7,0.7213188
559091,High,0.68284714,0.0014639267,0.5445883,0.9,0.79369396
559162,Medium,0.8039865,0.0014258864,0.7993022,0.5,0.823564
559170,Medium,0.48591223,0.0036389108,0.65645504,0.58,0.82080084
559299,High,0.061710395,0.0015660044,0.46113986,0.45,0.6376617
560478,High,0.67092955,0.0011649327,0.61554587,0.77000004,0.5830151
562092,Medium,0.95317966,0.0046778005,0.79565126,0.48,0.8155946
562296,High,0.6615909,0.0012011366,0.57223487,0.80999994,0.5916647
562425,Medium,0.25014925,0.0009089997,0.5782818,0.51,0.8418084
564929,Medium,0.50826514,0.002725199,0.7504775,0.32000002,0.8085992
566969,Medium,0.07865403,0.0014064026,0.5550055,0.42,0.7793835
569146,Medium,0.9868591,0.00231704,0.78572166,0.33,0.80684954
569542,High,0.6707581,0.0010522031,0.5644933,0.86,0.64195734
569576,High,0.14829095,0.0021964544,0.5324034,0.41000003,0.6724191
570006,Medium,0.98164934,0.003155356,0.8755123,0.23999998,0.8266764
570359,Medium,0.9920729,0.013616865,0.943974,0.14000002,0.8389325
572444,Medium,0.81550705,0.001285027,0.54813194,0.65999997,0.82482153
572782,High,0.5869258,0.0033089956,0.54057866,0.75,0.679309
573405,Medium,0.9328702,0.0023890587,0.6650789,0.71000004,0.77068704
573945,High,0.7138565,0.0070298333,0.7652186,0.76,0.78846735
575825,Medium,0.70923334,0.0025465472,0.7308983,0.48000002,0.86694306
576254,Medium,0.7450356,0.004994885,0.6989812,0.29000002,0.80661947
576855,Medium,0.39980224,0.0025479612,0.5872061,0.5,0.82199097
577123,Medium,0.46729913,0.0021666577,0.6974896,0.57,0.85192144
577153,Medium,0.61176395,0.0016034463,0.5414885,0.71999997,0.7560286
577678,Medium,0.72407824,0.0008669065,0.57519466,0.91,0.76606894
579741,Medium,0.95530874,0.0017402098,0.8049755,0.61,0.8472644
581831,Medium,0.5584053,0.0020282846,0.49450916,0.92,0.7731253
582611,Medium,0.8146101,0.0005283504,0.6713672,0.75,0.78195626
583040,Medium,0.8895984,0.0022451035,0.7175118,0.82,0.6955553
585380,Medium,0.95415074,0.0017430981,0.6258685,0.82,0.75937253
586142,Medium,0.7309298,0.0020758347,0.6943721,0.61,0.83387524
586917,Medium,0.120189,0.007562976,0.26087493,0.58000004,0.60044205
587418,Medium,0.5812255,0.0042414726,0.5115156,0.83000004,0.6558698
588834,Medium,0.5267269,0.0041070576,0.6052623,0.72999996,0.7482801
588927,High,0.6109671,0.0014786933,0.5221814,0.73,0.72655827
589762,Medium,0.52506775,0.0013129177,0.52916497,0.65,0.8239538
590309,High,0.95141727,0.0032187048,0.8533223,0.73,0.5514611
590524,Medium,0.100128025,0.005053327,0.4126223,0.19,0.678256
590669,Medium,0.9559609,0.00094445754,0.5776422,0.79999995,0.78223854
590972,Medium,0.88637316,0.006406902,0.806498,0.55,0.8552598
591649,Medium,0.5844426,0.0012702976,0.6631479,0.71,0.7880157
591671,Medium,0.9476913,0.0013345978,0.5222409,0.43,0.8690197
591700,Medium,0.1754404,0.0030949663,0.40194854,0.5,0.735885
591905,Medium,0.86138624,0.0050110663,0.8159198,0.27,0.8335466
591970,Medium,0.26778042,0.0020373575,0.43984562,0.64,0.83956957
593289,Medium,0.12632878,0.0015247704,0.3477991,0.51,0.7933596
593523,Medium,0.56415486,0.0025191333,0.6573378,0.71,0.6767706
594035,Medium,0.21408013,0.001860558,0.5334512,0.73999995,0.7211728
594366,High,0.58466285,0.0029888419,0.8256811,0.76,0.5797477
594387,Medium,0.00014912302,0.97920996,0.98838717,0.42000002,0.8428006
594817,Medium,0.4897176,0.0012692852,0.29093662,0.56,0.85445774
594931,Medium,0.87391126,0.003537333,0.59450895,0.75,0.72335756
595417,Medium,0.8153609,0.0033957248,0.5961477,0.7,0.754037
595831,Medium,0.12871961,0.0005599577,0.11583256,0.62,0.71184075
596310,Medium,0.93372285,0.002326051,0.58403987,0.49,0.8811938
596470,Medium,0.808,0.001566398,0.7116717,0.69,0.8111073
596835,Medium,0.9362246,0.0010896075,0.57314724,0.74,0.58549565
599147,Medium,0.87832683,0.002942793,0.7007143,0.78999996,0.6444267
600600,Medium,0.71430576,0.0029639811,0.5971352,0.65999997,0.83248246
600969,Medium,0.43347722,0.000512089,0.59512115,0.01999998,0.85911596
601703,Medium,0.02013174,0.001931529,0.22263207,0.35,0.7923876
601879,High,0.7630866,0.0021423816,0.6039225,0.56,0.86143017
602469,High,0.96929777,0.0042024194,0.72875035,0.72999996,0.5915934
602576,High,0.046432056,0.0019639968,0.3766284,0.55,0.7141906
602735,Medium,0.83685637,0.0051686624,0.6208444,0.66999996,0.8476706
602889,Medium,0.8491761,0.0023052085,0.6468067,0.51,0.8611545
603166,High,0.89927363,0.014108956,0.87905616,0.76,0.7285025
603597,Medium,0.5929679,0.0024263484,0.6128385,0.56,0.80668515
605003,Medium,0.8503975,0.0009206315,0.70098716,0.78,0.6802559
605801,Medium,0.62223494,0.006115827,0.71195614,0.52,0.8386433
606032,High,0.6023233,0.0019672061,0.6268717,0.72,0.70955485
607182,Medium,0.0013124832,0.86481905,0.8762548,0.48,0.81008106
607507,Medium,0.12835334,0.0201265,0.23737313,0.19999999,0.7195786
607996,Medium,0.158662,0.0031543167,0.536624,0.5,0.62606937
608681,High,0.15946063,0.0019365123,0.36870888,0.62,0.6929681
608773,Medium,0.5690204,0.0034593195,0.64026785,0.57,0.8229995
609930,Medium,0.7293035,0.0011682843,0.46125004,0.64,0.8230224
610203,Medium,0.6017305,0.003356575,0.24333596,0.27,0.8023097
610665,Medium,0.66365224,0.00079214346,0.64324725,0.72999996,0.7050988
611307,Medium,0.88614714,0.0022128283,0.752863,0.75,0.77196974
611879,Medium,0.7711414,0.0006273719,0.7054024,0.73999995,0.5166227
612895,Medium,0.93123186,0.0020109697,0.66214573,0.51000005,0.80040663
612979,Medium,4.7778005e-05,0.97925675,0.8963016,0.26,0.81152815
613295,Medium,0.8505744,0.009707413,0.91157216,0.23000002,0.80181944
613589,High,0.63073426,0.0019556056,0.7430727,0.46000004,0.86569697
614562,Medium,0.8251827,0.001859832,0.7146906,0.63,0.8660188
615067,Medium,0.8681872,0.0017812024,0.55760974,0.74,0.7052899
615817,Medium,0.7308497,0.0006727156,0.45093623,0.55,0.8177879
617398,Medium,0.9887318,0.0028421476,0.9035869,0.29,0.83095455
618253,Medium,0.7422811,0.002474547,0.6421489,0.61,0.81515783
618333,Medium,0.81615305,0.0034137035,0.70457006,0.4,0.8805436
620499,Medium,0.6586477,0.0027553574,0.42890894,0.7,0.7113462
620632,Medium,0.06359828,0.006895271,0.507334,0.42,0.7405938
620932,High,0.5165829,0.0025317783,0.6175464,0.82,0.7422704
622114,High,0.84491336,0.00055453595,0.5724586,0.48000002,0.81674176
622307,High,0.06188468,0.0012828484,0.5603693,0.69,0.62903553
622634,Medium,0.8831772,0.0001845004,0.20304976,0.76,0.7740875
623585,Medium,0.07315033,0.007900411,0.36881602,0.27999997,0.58538324
625893,Medium,0.9413768,0.0038652672,0.69169664,0.62,0.8456426
626750,Medium,0.9452043,0.0022990205,0.6831849,0.72,0.7913785
626999,Medium,0.7657132,0.004414401,0.6738575,0.57000005,0.8706261
627352,High,0.89115644,0.0021228075,0.4512101,0.52,0.8124075
628206,Medium,0.8496852,0.003849431,0.79580325,0.56,0.86322474
628291,High,0.9023521,0.00087458896,0.5289458,0.63,0.89924526
628387,Medium,0.00023462411,0.99899954,0.99819946,0.33,0.8160194
628986,Medium,0.809396,0.0007711437,0.7155923,0.75,0.7436644
629191,Medium,0.18150438,0.0052371174,0.56608987,0.64,0.7702809
629268,Medium,0.07540783,0.0030711081,0.48314154,0.55,0.6821456
629740,Medium,0.46580553,0.0017312347,0.736315,0.44,0.8210942
